<?xml version="1.0" encoding="UTF-8"?>
<port_range_groups><group name="DYNAMIC" erasable="false">
</group>
<group name="Nmap Top 12" erasable="false">
</group>
<group name="Nmap Top 50" erasable="false">
</group>
<group name="Nmap Top 100" erasable="false">
</group>
<group name="Nmap Top 500" erasable="false">
</group>
<group name="Nmap Top 1000 (Nmap default)" erasable="false">
</group>
<group name="tcp-all" erasable="false">
<port_range>1-65535</port_range>
</group>
</port_range_groups>